0,1,2,3,4,5,6,7
0.04844099096963894,0.11270587475618987,0.9015627260323402,0.7776368012385969,0.9515590090303611,0.8872941252438101,0.09843727396765978,0.2223631987614031
0.9052534351076744,0.9401008333348853,0.4340224329702601,0.5724482352589515,0.09474656489232558,0.059899166665114745,0.5659775670297399,0.4275517647410485
0.22484539055645192,0.13924479085343766,0.8374038943551378,0.40219892090605847,0.7751546094435481,0.8607552091465623,0.16259610564486215,0.5978010790939415
0.04199321554785529,0.22475198942461838,0.49742250985099135,0.26418059046387377,0.9580067844521447,0.7752480105753816,0.5025774901490087,0.7358194095361262
0.6897146345695543,0.6608122673629628,0.22675529021665108,0.30165915726011583,0.3102853654304457,0.33918773263703716,0.7732447097833489,0.6983408427398842
0.4258878308863032,0.6797211645017399,0.016316474026092043,0.3418360564321712,0.5741121691136968,0.3202788354982601,0.983683525973908,0.6581639435678288
0.9759385720064118,0.32174878815620644,0.4234977810808972,0.5342040270757108,0.024061427993588236,0.6782512118437936,0.5765022189191028,0.4657959729242892
0.7069460730761022,0.7620210265691869,0.037591094841028516,0.056727325986196564,0.29305392692389776,0.2379789734308131,0.9624089051589715,0.9432726740138034
0.7985461638648014,0.9552865742804365,0.07123051392971724,0.5071768736659333,0.20145383613519863,0.04471342571956349,0.9287694860702828,0.49282312633406666
0.8082166178578667,0.9090838912085673,0.12424288778632853,0.9346690994532586,0.1917833821421333,0.09091610879143275,0.8757571122136715,0.0653309005467414
0.38410020021542335,0.39826323824980003,0.188754846119067,0.7174823829849275,0.6158997997845767,0.6017367617502,0.811245153880933,0.2825176170150725
0.37957875972410626,0.5076275109963755,0.37267349546889517,0.6391807239991472,0.6204212402758937,0.4923724890036245,0.6273265045311048,0.36081927600085284
0.4260732099676243,0.7942173141908627,0.7821214258911976,0.7363567367316508,0.5739267900323757,0.20578268580913728,0.2178785741088024,0.2636432632683492
0.19075241222938166,0.2249025925829442,0.2620407570798746,0.3985398080754077,0.8092475877706183,0.7750974074170558,0.7379592429201254,0.6014601919245923
0.025707504392946334,0.5964233774301346,0.3089460321767945,0.585179631887884,0.9742924956070537,0.4035766225698654,0.6910539678232055,0.414820368112116
0.021583221496523253,0.051040397862040066,0.403726035587297,0.8920283661038608,0.9784167785034767,0.9489596021379599,0.596273964412703,0.10797163389613917
0.8010381215055493,0.5052584088555325,0.18958948109463925,0.8840835165062512,0.19896187849445068,0.4947415911444675,0.8104105189053608,0.11591648349374883
0.38552578602995036,0.29692507561397574,0.36179115515322524,0.03579894139379425,0.6144742139700496,0.7030749243860243,0.6382088448467748,0.9642010586062058
0.45111220037238464,0.3423281005813853,0.691936716470997,0.5261059175340023,0.5488877996276154,0.6576718994186147,0.30806328352900303,0.47389408246599773
0.9355184316159266,0.13251381105162252,0.16083961261432156,0.8088968857197495,0.06448156838407337,0.8674861889483775,0.8391603873856784,0.1911031142802505
0.9203366840522257,0.1587113013799304,0.3041591566513858,0.3286184182029529,0.07966331594777432,0.8412886986200696,0.6958408433486142,0.6713815817970471
0.10803435599560651,0.7667289582508993,0.4391141149125427,0.28109105611648455,0.8919656440043935,0.23327104174910074,0.5608858850874573,0.7189089438835154
0.5280773829107571,0.49992004730840056,0.24172038696769738,0.13456238287303834,0.4719226170892429,0.5000799526915994,0.7582796130323026,0.8654376171269617
0.4695328948345683,0.2073855128815537,0.939867707221319,0.6036168845027465,0.5304671051654317,0.7926144871184463,0.06013229277868104,0.39638311549725347
0.5574744555806437,0.9824246287664054,0.22774089562303468,0.633943761410651,0.4425255444193563,0.01757537123359465,0.7722591043769653,0.366056238589349
0.7600385855993159,0.07015487454442726,0.12185836977995435,0.07800633926324407,0.23996141440068408,0.9298451254555727,0.8781416302200457,0.9219936607367559
0.1664703054785126,0.19865972494512563,0.20747495267329585,0.6296817224831647,0.8335296945214874,0.8013402750548744,0.7925250473267041,0.3703182775168353
0.6381555083189134,0.0458542975067836,0.04720844891376219,0.81545784813761,0.36184449168108657,0.9541457024932164,0.9527915510862378,0.18454215186238998
0.5759531056337517,0.8228704445524027,0.28719910296483864,0.6758237730087276,0.4240468943662483,0.17712955544759734,0.7128008970351614,0.32417622699127235
0.022940457311315443,0.11523260417872916,0.06136363675791312,0.888919356819148,0.9770595426886846,0.8847673958212708,0.9386363632420869,0.11108064318085198
0.29350600753473344,0.2868557681585696,0.5741019636293063,0.16180852887798913,0.7064939924652666,0.7131442318414304,0.4258980363706937,0.8381914711220109
0.03413354551061998,0.984628424797733,0.7976082628792003,0.4199559354156619,0.96586645448938,0.015371575202266952,0.20239173712079972,0.5800440645843381
0.7035754249300666,0.07493086787687486,0.512708666696762,0.0795169225501996,0.29642457506993336,0.9250691321231251,0.48729133330323804,0.9204830774498004
0.20546701154999625,0.9063240265627103,0.16060670250612563,0.31102790642141476,0.7945329884500038,0.09367597343728973,0.8393932974938744,0.6889720935785852
0.12336738186116869,0.27248685595417577,0.8209862553983693,0.04130344066640823,0.8766326181388313,0.7275131440458242,0.17901374460163066,0.9586965593335918
0.2623305340425698,0.8718113938433695,0.35800094721797204,0.513442782612421,0.7376694659574302,0.12818860615663052,0.641999052782028,0.48655721738757896
0.995523154516228,0.6157683289714907,0.5998310480244297,0.6135254274969686,0.0044768454837720295,0.3842316710285093,0.40016895197557034,0.3864745725030314
0.7628019257438321,0.27393676114277166,0.28000039045021274,0.30944180301640767,0.2371980742561679,0.7260632388572283,0.7199996095497873,0.6905581969835923
0.936275605816734,0.9773455346172375,0.8967675069648495,0.04010807853880838,0.06372439418326603,0.0226544653827625,0.10323249303515047,0.9598919214611916
0.8322657195417541,0.794193409766833,0.6530456462953745,0.7793069892676788,0.1677342804582459,0.20580659023316705,0.34695435370462546,0.22069301073232117
0.7222094225405131,0.26642845328269005,0.7699079613242135,0.8701952050516525,0.2777905774594869,0.73357154671731,0.23009203867578654,0.1298047949483475
0.7168277788371976,0.8918725259351016,0.035820220534001024,0.20548619273518398,0.2831722211628024,0.10812747406489842,0.964179779465999,0.794513807264816
0.5326636569182219,0.986746566541566,0.8586496711774159,0.31616428585218925,0.46733634308177807,0.013253433458433994,0.14135032882258414,0.6838357141478107
0.6045651520426566,0.19057118810646256,0.05229719729874105,0.7251707062257384,0.3954348479573434,0.8094288118935374,0.947702802701259,0.2748292937742616
0.788760338729539,0.93083474617038,0.36832447564656834,0.03720589201189428,0.211239661270461,0.06916525382962002,0.6316755243534317,0.9627941079881057
0.4973725225459553,0.044801936843084644,0.5946386243784462,0.6286889686036441,0.5026274774540447,0.9551980631569154,0.40536137562155383,0.3713110313963559
0.294102490013613,0.7277274558653226,0.42256981258245274,0.125174520127891,0.705897509986387,0.2722725441346774,0.5774301874175473,0.874825479872109
0.36033293603078154,0.7222537889025143,0.28932790157490207,0.11348110067276496,0.6396670639692185,0.27774621109748565,0.7106720984250979,0.886518899327235
0.952436086222349,0.7388040392879046,0.5154705292637766,0.854256163995834,0.04756391377765101,0.2611959607120954,0.48452947073622343,0.14574383600416596
0.19646204518288368,0.7596162571158941,0.8972686577314392,0.022122738194264913,0.8035379548171163,0.2403837428841059,0.10273134226856084,0.9778772618057351
0.7582361552896059,0.15722616545013457,0.9553604280812676,0.14295140849191235,0.24176384471039414,0.8427738345498654,0.04463957191873236,0.8570485915080877
0.03938023863805906,0.12738296781350222,0.1944220115823817,0.2161800838952943,0.9606197613619409,0.8726170321864978,0.8055779884176183,0.7838199161047057
0.4561314749790253,0.9607250381586534,0.5207999283916603,0.3096560431703308,0.5438685250209747,0.0392749618413466,0.47920007160833966,0.6903439568296692
0.6328596219530186,0.07179270493205159,0.580715429767722,0.4682578167339029,0.3671403780469814,0.9282072950679484,0.41928457023227805,0.5317421832660971
0.30050900280054904,0.18206525459386957,0.9415295196678123,0.4365015898629304,0.699490997199451,0.8179347454061304,0.05847048033218771,0.5634984101370696
0.26362265641397487,0.27263205437279237,0.2199750073793343,0.5285613488710029,0.7363773435860251,0.7273679456272076,0.7800249926206657,0.4714386511289971
0.6548027100628054,0.9670456930882747,0.4317236761721681,0.24858576448798608,0.34519728993719456,0.032954306911725295,0.5682763238278319,0.7514142355120139
0.5526658596102092,0.6327139216349942,0.4332604229839849,0.45345750872947177,0.4473341403897908,0.3672860783650058,0.5667395770160151,0.5465424912705282
0.5695230552293058,0.25638770648173104,0.9347654027177376,0.15673009069099364,0.4304769447706942,0.743612293518269,0.06523459728226244,0.8432699093090064
0.7264870948064056,0.2744263646817925,0.04973857956755501,0.9350815395432466,0.2735129051935944,0.7255736353182075,0.950261420432445,0.06491846045675342
0.7496416308655012,0.2596941135629587,0.510806597929348,0.6307821989167156,0.2503583691344988,0.7403058864370413,0.489193402070652,0.3692178010832844
0.15080455095516165,0.8901822331110224,0.49020334433912727,0.3929417011021311,0.8491954490448383,0.1098177668889776,0.5097966556608727,0.6070582988978689
0.3586465095921739,0.37601658481310984,0.037685202745457946,0.6337474061857381,0.6413534904078261,0.6239834151868902,0.962314797254542,0.3662525938142619
0.22641497248548392,0.19921749394215293,0.06529026137670224,0.10246263624602803,0.7735850275145161,0.8007825060578471,0.9347097386232978,0.897537363753972
0.03909073070138214,0.9830598868888997,0.16253282446899364,0.7961579642498414,0.9609092692986179,0.01694011311110033,0.8374671755310064,0.20384203575015858
0.3415737367821646,0.6431295209352446,0.03381758280506597,0.17226091481330763,0.6584262632178354,0.35687047906475544,0.966182417194934,0.8277390851866924
0.09701736866298727,0.40609035493075407,0.7070199919307391,0.7510946245600171,0.9029826313370127,0.5939096450692459,0.29298000806926094,0.24890537543998292
0.14960192524171279,0.9906495034339291,0.8414635049943766,0.30718909206143785,0.8503980747582872,0.009350496566070898,0.1585364950056234,0.6928109079385621
0.032081326260020804,0.6128487331480582,0.3102444215203959,0.014460391212059776,0.9679186737399792,0.3871512668519418,0.6897555784796041,0.9855396087879402
0.8333301749390902,0.13911790100789223,0.455869413482762,0.1260995706791942,0.16666982506090977,0.8608820989921078,0.544130586517238,0.8739004293208058
0.5199703209588113,0.31369002027476434,0.7361791527055564,0.3442345024099014,0.48002967904118865,0.6863099797252357,0.26382084729444355,0.6557654975900986
0.40258731820743043,0.2815817568621287,0.5268633153079647,0.6571334467021043,0.5974126817925696,0.7184182431378713,0.4731366846920353,0.3428665532978957
0.6605005190445417,0.1263007984543849,0.2772030773985431,0.5583443391393591,0.33949948095545834,0.8736992015456151,0.7227969226014569,0.4416556608606409
0.15494857504277293,0.6967084306203453,0.9610666351181163,0.9913627620401063,0.8450514249572271,0.30329156937965474,0.0389333648818837,0.008637237959893684
0.1139942144171312,0.49373747300331816,0.3584778810684256,0.13404418346808777,0.8860057855828688,0.5062625269966818,0.6415221189315744,0.8659558165319122
0.5310567916308571,0.28475747821079755,0.6535380995183409,0.7499436799753004,0.46894320836914294,0.7152425217892024,0.34646190048165915,0.2500563200246996
0.8135055585713235,0.230114617768998,0.8509442515671524,0.07470779102593383,0.18649444142867655,0.769885382231002,0.14905574843284763,0.9252922089740662
0.4603195395491302,0.8448710062787023,0.6617283610519221,0.14508711008561337,0.5396804604508698,0.15512899372129774,0.3382716389480779,0.8549128899143866
0.6764717917025764,0.34441305033485403,0.7919896495293159,0.14215252335585404,0.32352820829742357,0.655586949665146,0.20801035047068406,0.857847476644146
0.02816197561078071,0.15050376770417517,0.49893100647449673,0.545700300024184,0.9718380243892193,0.8494962322958248,0.5010689935255033,0.454299699975816
0.8723057730871722,0.3202412969287298,0.5245298955353399,0.14849492628926064,0.12769422691282784,0.6797587030712702,0.4754701044646601,0.8515050737107394
0.26822934755876804,0.15377230074730008,0.37979784717409226,0.6931435065628476,0.731770652441232,0.8462276992526999,0.6202021528259077,0.3068564934371524
0.5939042902235534,0.9107665380343785,0.7884958497413013,0.00953312373099613,0.4060957097764466,0.08923346196562154,0.21150415025869873,0.9904668762690039
0.09875823128574057,0.25444540887038336,0.052181579319223625,0.7810329632829782,0.9012417687142594,0.7455545911296166,0.9478184206807764,0.21896703671702178
0.9626616483799553,0.7664655838302779,0.8930193158979157,0.9977206368376104,0.03733835162004473,0.23353441616972215,0.10698068410208428,0.002279363162389636
0.5228385289048977,0.35709868911237996,0.6724451162449164,0.5657575941043065,0.4771614710951023,0.64290131088762,0.32755488375508357,0.4342424058956935
0.423398025660631,0.08857130300111027,0.6699750869862475,0.28756800167136853,0.576601974339369,0.9114286969988897,0.3300249130137525,0.7124319983286315
0.8543696012641907,0.6450554316561615,0.0485669420672874,0.6504537137778614,0.1456303987358093,0.3549445683438385,0.9514330579327126,0.34954628622213857
0.3541185135094701,0.9187026646322236,0.8593193558139876,0.24808877989211653,0.6458814864905299,0.08129733536777639,0.14068064418601245,0.7519112201078835
0.4981872152838013,0.9889634208614323,0.6282042345049097,0.3930651217998248,0.5018127847161987,0.011036579138567704,0.3717957654950903,0.6069348782001752
0.7398537695899737,0.49730535620859373,0.8461558238677682,0.31803048207881346,0.26014623041002627,0.5026946437914063,0.15384417613223178,0.6819695179211865
0.22873559899386076,0.5730662119313186,0.7814646422234592,0.43439274847095877,0.7712644010061392,0.42693378806868143,0.21853535777654076,0.5656072515290412
0.11707758667035117,0.8563236284647,0.07876259421925025,0.2742493474756361,0.8829224133296488,0.1436763715353,0.9212374057807498,0.7257506525243639
0.8349838181995479,0.03848833525861328,0.43763767074577586,0.32708941704063677,0.16501618180045208,0.9615116647413867,0.5623623292542241,0.6729105829593632
0.5236760682553636,0.4360162659806701,0.7140671382938732,0.035930896830349,0.4763239317446364,0.5639837340193299,0.28593286170612675,0.964069103169651
0.7678067373500965,0.01384040482755644,0.110473767875787,0.24081420710936474,0.23219326264990348,0.9861595951724436,0.889526232124213,0.7591857928906353
0.4759425037462838,0.5382554045688088,0.6222162668128162,0.39430430859961463,0.5240574962537162,0.4617445954311912,0.37778373318718383,0.6056956914003854
0.5899865158684671,0.40973679890391024,0.30258784729005983,0.745840783859775,0.41001348413153293,0.5902632010960898,0.6974121527099402,0.25415921614022496
0.5218038008430168,0.7559320997617597,0.8864188917944313,0.7086666345024305,0.4781961991569832,0.24406790023824032,0.11358110820556866,0.2913333654975695
0.6745329908787779,0.5592497134014137,0.3802985877763799,0.4436625243578245,0.32546700912122206,0.4407502865985863,0.6197014122236201,0.5563374756421755
0.9262761194472774,0.652940238229221,0.03786751993736026,0.843657779983738,0.07372388055272261,0.347059761770779,0.9621324800626397,0.15634222001626197
0.3551756144395498,0.9257959364130619,0.7545851912506356,0.9925391530580204,0.6448243855604502,0.0742040635869381,0.2454148087493644,0.007460846941979571
0.45371549128131217,0.5759346339750713,0.6169707551054096,0.8207506317986054,0.5462845087186878,0.4240653660249287,0.38302924489459045,0.1792493682013946
0.19475700768966286,0.5263824336093281,0.8829067319448243,0.07581678044009543,0.8052429923103371,0.4736175663906719,0.11709326805517573,0.9241832195599046
0.5875476940561275,0.441435736585842,0.5219047127849713,0.8012492368333782,0.4124523059438725,0.558564263414158,0.4780952872150287,0.19875076316662177
0.5077407556460454,0.37873365028497397,0.6378847579565677,0.6257893024738171,0.49225924435395463,0.621266349715026,0.36211524204343226,0.37421069752618286
0.5551506727924579,0.9594462993794413,0.39095527425078624,0.7804961636950882,0.4448493272075421,0.04055370062055874,0.6090447257492138,0.21950383630491177
0.3089966625693158,0.9116502356571327,0.28668597870064916,0.6610856186275731,0.6910033374306842,0.08834976434286734,0.7133140212993508,0.3389143813724269
0.18941730598613205,0.17054340128076229,0.21111381889583702,0.852395580028798,0.810582694013868,0.8294565987192377,0.788886181104163,0.147604419971202
0.038079712949148026,0.4223510339551505,0.4054122449661973,0.9286984134940721,0.961920287050852,0.5776489660448495,0.5945877550338027,0.07130158650592788
0.9078849443319399,0.3892914521907832,0.3177338256627864,0.7778759941871631,0.09211505566806011,0.6107085478092168,0.6822661743372136,0.22212400581283687
0.8687626937727515,0.2416915607970591,0.24508618619913425,0.7624694268515281,0.1312373062272485,0.7583084392029409,0.7549138138008658,0.23753057314847192
0.21151398455579473,0.5548496934405368,0.7261608732471003,0.7857300370801609,0.7884860154442053,0.4451503065594632,0.2738391267528997,0.21426996291983913
0.7033931397174611,0.30274441060657176,0.9357344400347677,0.5673811872974956,0.2966068602825389,0.6972555893934282,0.06426555996523231,0.43261881270250435
0.4431346873661145,0.04429060399789264,0.05950635740864274,0.6563338637094926,0.5568653126338855,0.9557093960021074,0.9404936425913573,0.34366613629050735
0.6597686118785901,0.32086808491488994,0.5333679095807321,0.27370330231332796,0.34023138812140985,0.6791319150851101,0.4666320904192679,0.726296697686672
0.14968574755709219,0.04748791802608676,0.9280998898437041,0.5185299126990389,0.8503142524429078,0.9525120819739132,0.07190011015629594,0.4814700873009611
0.19974712077288126,0.2189696449254147,0.3263043924034754,0.5539616625620828,0.8002528792271187,0.7810303550745853,0.6736956075965246,0.4460383374379172
0.17726413644589611,0.9170276201783814,0.3313185151687722,0.7920850104614995,0.8227358635541039,0.08297237982161865,0.6686814848312278,0.20791498953850052
0.3081309848342959,0.6949179077670555,0.08628113464721388,0.37993381914898183,0.6918690151657041,0.30508209223294447,0.9137188653527861,0.6200661808510182
0.1153932505009756,0.9132609419741904,0.8906316331035529,0.9331391229518954,0.8846067494990244,0.08673905802580961,0.10936836689644713,0.06686087704810462
0.2038901101879239,0.7919745010262965,0.40419311113777223,0.6293305166990594,0.7961098898120761,0.20802549897370348,0.5958068888622278,0.3706694833009406
0.7838050328216144,0.7367447866998754,0.6075079991717679,0.04385099521921598,0.2161949671783856,0.2632552133001246,0.3924920008282321,0.956149004780784
0.04891768328858803,0.18213048681026212,0.7429941336341508,0.011816498040315704,0.951082316711412,0.8178695131897379,0.2570058663658492,0.9881835019596843
0.1630848129658573,0.8329210117486522,0.5274854768273599,0.6748102562527089,0.8369151870341427,0.16707898825134782,0.4725145231726401,0.32518974374729115
0.5199452628688375,0.4602395196295548,0.9753718923126867,0.45184356990540053,0.48005473713116253,0.5397604803704452,0.024628107687313272,0.5481564300945995
0.013835441666312787,0.8659662611073667,0.9419360640617438,0.8630153065087048,0.9861645583336872,0.13403373889263326,0.058063935938256206,0.13698469349129516
0.7160479122953701,0.6488486629807749,0.9209049266758013,0.2629663444641219,0.2839520877046299,0.3511513370192251,0.07909507332419874,0.7370336555358781
0.733889096131113,0.09155598241605889,0.08684671385029363,0.5468060537023332,0.266110903868887,0.9084440175839411,0.9131532861497064,0.45319394629766685
0.7748283332214799,0.36502356888787346,0.28635603089228223,0.2814787590500142,0.22517166677852007,0.6349764311121265,0.7136439691077178,0.7185212409499858
0.7139374157676365,0.15480420485125923,0.24985796330510834,0.7753688077111235,0.2860625842323635,0.8451957951487408,0.7501420366948917,0.2246311922888765
0.8129957795669557,0.9713330249420528,0.1497546151609348,0.23461120785870337,0.18700422043304432,0.02866697505794724,0.8502453848390652,0.7653887921412966
0.24857717294504766,0.482888584431711,0.6834069969125365,0.7681022304583323,0.7514228270549523,0.517111415568289,0.3165930030874635,0.23189776954166774
0.3986469434760679,0.7804230442667022,0.8777854987547139,0.21635688576502332,0.6013530565239321,0.21957695573329783,0.1222145012452861,0.7836431142349767
0.3370416812693702,0.9089813344968599,0.9712181788676216,0.7487320639538935,0.6629583187306298,0.09101866550314008,0.02878182113237837,0.25126793604610653
0.2903645967828259,0.4540736106903901,0.45867623532051993,0.6635929239870223,0.7096354032171741,0.5459263893096099,0.5413237646794801,0.3364070760129777
0.8709170593133277,0.39975145389566646,0.8428985387880545,0.5057217244990347,0.12908294068667225,0.6002485461043335,0.15710146121194546,0.49427827550096526
0.3456637243364482,0.2243658566716108,0.8718081072298268,0.9412452629206178,0.6543362756635518,0.7756341433283892,0.12819189277017318,0.05875473707938217
0.9485172599200632,0.33301470061323624,0.784071800339624,0.8832857112368002,0.051482740079936806,0.6669852993867638,0.21592819966037602,0.11671428876319978
0.2503033586316169,0.474059178156632,0.23672792302663803,0.33353291408508945,0.7496966413683831,0.525940821843368,0.763272076973362,0.6664670859149106
0.3003486007987769,0.17183967800885946,0.7862978189364853,0.6380158312147498,0.6996513992012231,0.8281603219911405,0.21370218106351468,0.3619841687852502
0.695075160554026,0.6592371664457657,0.459888059244313,0.5610258623969278,0.30492483944597404,0.3407628335542343,0.540111940755687,0.43897413760307225
0.7582781997589357,0.3053621262024895,0.6752791306214622,0.31230728052250856,0.24172180024106427,0.6946378737975105,0.32472086937853784,0.6876927194774914
0.8108177538347238,0.6239419140634308,0.511862200556981,0.6810184477862167,0.18918224616527624,0.3760580859365692,0.48813779944301905,0.3189815522137833
0.7690095020978467,0.29960818618503193,0.27096915913816433,0.6153959746355957,0.2309904979021533,0.7003918138149681,0.7290308408618357,0.3846040253644043
0.38550619778908335,0.019288247990065344,0.8039508998960513,0.21168287392639895,0.6144938022109167,0.9807117520099347,0.19604910010394871,0.788317126073601
0.63254238652626,0.6308435713463115,0.014626848511759327,0.583347915182402,0.36745761347373995,0.3691564286536885,0.9853731514882407,0.41665208481759797
0.08148365046929174,0.4426756038996692,0.9840277079270687,0.19441521670257345,0.9185163495307083,0.5573243961003308,0.01597229207293127,0.8055847832974266
0.6440121968212463,0.28669187147319686,0.030588239644393722,0.5473175161685159,0.35598780317875367,0.7133081285268031,0.9694117603556063,0.45268248383148413
0.7321510499967563,0.7875533434047677,0.8167847150440767,0.604906350766464,0.2678489500032437,0.21244665659523232,0.18321528495592332,0.39509364923353596
0.7195784213836558,0.17995553386448793,0.12356920402399862,0.3939425893739762,0.2804215786163442,0.8200444661355121,0.8764307959760014,0.6060574106260238
0.4828657449926381,0.19697010527472858,0.20816115739475616,0.7758181664741761,0.5171342550073619,0.8030298947252714,0.7918388426052438,0.22418183352582388
0.15076063861454414,0.7463600437622862,0.6835497986032556,0.4616798955304958,0.8492393613854559,0.25363995623771385,0.3164502013967444,0.5383201044695042
0.8979107478338624,0.15836224039710556,0.49275442960102167,0.19608709660601498,0.10208925216613762,0.8416377596028944,0.5072455703989783,0.803912903393985
0.5888439875762193,0.5151613366426472,0.45530763901215454,0.45825015935157,0.41115601242378075,0.4848386633573528,0.5446923609878455,0.54174984064843
0.19411123062438784,0.7880050392511789,0.3049075920264426,0.5558902576774307,0.8058887693756122,0.21199496074882107,0.6950924079735574,0.4441097423225693
0.043663827435498015,0.5010106917000601,0.7829206380407505,0.5595373783245016,0.956336172564502,0.4989893082999399,0.21707936195924948,0.44046262167549843
0.6522158666792202,0.7006544859478653,0.13523091965545708,0.8465679375178347,0.34778413332077984,0.2993455140521347,0.8647690803445429,0.15343206248216534
0.8059130254247102,0.8563955703137296,0.4216197727405222,0.952851638262219,0.19408697457528978,0.1436044296862704,0.5783802272594778,0.04714836173778103
0.25267515421061826,0.8505860875607615,0.21427333595639464,0.7312541103499951,0.7473248457893817,0.14941391243923852,0.7857266640436054,0.2687458896500049
0.9036792464403939,0.29163554115038703,0.1901589502785478,0.6623488457146212,0.09632075355960612,0.708364458849613,0.8098410497214522,0.33765115428537884
0.8168840312661433,0.22762652695185126,0.41539667903573385,0.744066019740274,0.18311596873385672,0.7723734730481487,0.5846033209642661,0.255933980259726
0.8731732605261813,0.9707897319188131,0.578984118291165,0.483633248930207,0.12682673947381873,0.029210268081186874,0.42101588170883497,0.516366751069793
0.7103728947682785,0.48782008694838175,0.0791720722787771,0.14663756165505182,0.2896271052317215,0.5121799130516183,0.9208279277212229,0.8533624383449482
0.057550506070174645,0.2272919354267171,0.5796993263154553,0.5435838562480361,0.9424494939298254,0.7727080645732829,0.4203006736845447,0.45641614375196393
0.1480491248434732,0.6570045412277828,0.6201643210897094,0.4628194233465802,0.8519508751565268,0.34299545877221715,0.3798356789102906,0.5371805766534198
0.8339797300153403,0.4462603943127249,0.8196301691424569,0.9000158705788552,0.16602026998465969,0.5537396056872751,0.1803698308575431,0.09998412942114476
0.42471952685709347,0.9776548886691171,0.8505925086984106,0.4640430080787782,0.5752804731429065,0.022345111330882905,0.14940749130158937,0.5359569919212218
0.8218605254514653,0.7065517490951831,0.7400592548230619,0.12836171273684038,0.17813947454853474,0.29344825090481685,0.2599407451769381,0.8716382872631596
0.365582772453683,0.36190942691450534,0.4726450661625822,0.9311704436721187,0.634417227546317,0.6380905730854947,0.5273549338374178,0.06882955632788135
0.6491787975139361,0.7581406187501213,0.28137676617176355,0.5653744791721441,0.35082120248606385,0.2418593812498787,0.7186232338282365,0.4346255208278559
0.588392294121266,0.21935235505700357,0.5322232909577522,0.9938948145990024,0.41160770587873396,0.7806476449429964,0.4677767090422478,0.0061051854009975814
0.47116934369369845,0.34759674322845113,0.09501606868790702,0.5206879602979541,0.5288306563063015,0.6524032567715489,0.904983931312093,0.47931203970204594
0.2915410617708195,0.9710065671399607,0.4392213257078772,0.49464268423344815,0.7084589382291805,0.028993432860039303,0.5607786742921228,0.5053573157665519
0.0628946626845589,0.16283598072184668,0.1387960259430584,0.07396188900973022,0.9371053373154411,0.8371640192781533,0.8612039740569416,0.9260381109902698
0.5355661653572961,0.6169475961594566,0.8304886754092093,0.005957474031270449,0.46443383464270394,0.3830524038405434,0.16951132459079066,0.9940425259687296
0.3392034694245002,0.07461687502695868,0.7559007149540281,0.6220741626518389,0.6607965305754998,0.9253831249730413,0.2440992850459719,0.3779258373481611
0.6946176363209966,0.35363348453362253,0.012630139758810444,0.29172786101837045,0.3053823636790034,0.6463665154663775,0.9873698602411896,0.7082721389816296
0.18554697123061936,0.8281877764151286,0.1195036349248475,0.773539583251279,0.8144530287693806,0.17181222358487136,0.8804963650751525,0.22646041674872097
0.8952944250908477,0.16398702070455484,0.7815782610101434,0.5052226614790132,0.10470557490915233,0.8360129792954452,0.21842173898985662,0.4947773385209868
0.9276193199878756,0.7949730811437934,0.8712469921877235,0.43853531860613415,0.07238068001212439,0.2050269188562066,0.1287530078122765,0.5614646813938658
0.5567275023248434,0.4955468505464433,0.8298798506024095,0.5054250771979338,0.44327249767515664,0.5044531494535567,0.17012014939759046,0.49457492280206616
0.002584437225122471,0.48550530919637125,0.6777890773721772,0.5038224476061987,0.9974155627748775,0.5144946908036288,0.3222109226278228,0.49617755239380135
0.6709056931457003,0.5846531749104485,0.3757633616201618,0.7633490938539876,0.32909430685429975,0.41534682508955145,0.6242366383798382,0.23665090614601236
0.3144340050239569,0.4470577933423755,0.1500501290653291,0.39242231991925913,0.6855659949760431,0.5529422066576245,0.8499498709346709,0.6075776800807409
0.896349299015147,0.6148887342691731,0.4658170900940334,0.9971384163378872,0.10365070098485296,0.3851112657308269,0.5341829099059666,0.0028615836621127544
0.5772834294087252,0.40990268136729757,0.030467850726012546,0.686286524541263,0.42271657059127477,0.5900973186327024,0.9695321492739875,0.31371347545873696
0.8896354157290967,0.5202158839186563,0.960511641706075,0.5513127228050188,0.11036458427090334,0.47978411608134375,0.03948835829392505,0.44868727719498125
0.7901871778677536,0.7857029982737489,0.41652267277982546,0.3132304872045546,0.2098128221322464,0.2142970017262511,0.5834773272201745,0.6867695127954454
0.45257004255288946,0.13464374021356196,0.2981469913421515,0.35539129505726397,0.5474299574471105,0.865356259786438,0.7018530086578485,0.644608704942736
0.7764814228566345,0.6253333100140851,0.3215184066589767,0.5458557341815746,0.22351857714336554,0.3746666899859149,0.6784815933410233,0.4541442658184254
0.4004053208397327,0.32221669695054656,0.07301214897289376,0.9393709232218471,0.5995946791602673,0.6777833030494534,0.9269878510271062,0.06062907677815288
0.6542879121171995,0.13879271784769354,0.5601229155463995,0.8399086691729757,0.3457120878828005,0.8612072821523065,0.4398770844536005,0.16009133082702431
0.2292463274165788,0.3927545647506142,0.8712784259513364,0.24766287751567617,0.7707536725834212,0.6072454352493858,0.12872157404866358,0.7523371224843238
0.6365910282021787,0.041313455689982126,0.7553525487951125,0.5607048462180984,0.3634089717978213,0.9586865443100179,0.2446474512048875,0.43929515378190165
0.7429482864361147,0.9152378159166448,0.9092507500519089,0.19784186461849784,0.25705171356388534,0.08476218408335523,0.09074924994809108,0.8021581353815022
0.19700382147319218,0.31420703912914194,0.7038130551650114,0.46361484788223106,0.8029961785268078,0.6857929608708581,0.29618694483498864,0.5363851521177689
0.6332091863879465,0.7772737255894955,0.3999567864651751,0.470823508410787,0.36679081361205346,0.22272627441050452,0.6000432135348249,0.529176491589213
0.6667713119024573,0.35850036934067697,0.5771657618861374,0.10456115356079831,0.3332286880975427,0.641499630659323,0.42283423811386256,0.8954388464392017
0.9695093637127953,0.8608257726075789,0.15167920272047963,0.6618933712293604,0.03049063628720472,0.13917422739242113,0.8483207972795204,0.3381066287706396
0.6631681886718884,0.8956733406142331,0.5535469027197902,0.2746245900580855,0.3368318113281116,0.1043266593857669,0.44645309728020977,0.7253754099419145
0.43253059272907435,0.96562741213496,0.9116004611432218,0.2267397069476118,0.5674694072709257,0.03437258786504005,0.0883995388567782,0.7732602930523882
0.8897732334398583,0.47344440569038915,0.27357133306365644,0.006589064786824972,0.11022676656014174,0.5265555943096109,0.7264286669363436,0.993410935213175
0.8809909745670208,0.947596967601491,0.2082586504293239,0.9473474713161376,0.1190090254329792,0.052403032398508964,0.7917413495706761,0.05265252868386239
0.1344718675008224,0.469336487389417,0.5866452472500753,0.09049365551417055,0.8655281324991776,0.530663512610583,0.4133547527499247,0.9095063444858295
0.522874619273635,0.02735095471013793,0.7293123023674494,0.19579030807086883,0.477125380726365,0.9726490452898621,0.27068769763255063,0.8042096919291312
0.3929184128399915,0.6088630756592408,0.36145835670445525,0.948412041572949,0.6070815871600085,0.3911369243407592,0.6385416432955447,0.051587958427050995
0.8255758932919781,0.7478251510336339,0.5492663937177544,0.32025619577140174,0.1744241067080219,0.2521748489663661,0.45073360628224557,0.6797438042285983
0.5839401210996522,0.6510840639178685,0.4441806468895545,0.828273850609037,0.4160598789003478,0.34891593608213145,0.5558193531104455,0.17172614939096298
0.762862018759758,0.8971744486841228,0.04668219556028663,0.8934207858841046,0.237137981240242,0.10282555131587723,0.9533178044397134,0.10657921411589544
0.8659690759803792,0.899933556345794,0.26235041967720485,0.9304049657262468,0.1340309240196208,0.10006644365420603,0.7376495803227952,0.06959503427375324
0.4474778578848233,0.0682807288565137,0.30403224323289657,0.8669607759561712,0.5525221421151767,0.9317192711434863,0.6959677567671034,0.13303922404382884
0.8716150316369466,0.5390147012740362,0.759442851333668,0.3290046815173622,0.12838496836305335,0.46098529872596383,0.24055714866633204,0.6709953184826378
0.7224020113391219,0.6659461224600446,0.39935378479659767,0.1856192398945702,0.27759798866087815,0.3340538775399554,0.6006462152034023,0.8143807601054298
0.018830235315268062,0.08751680101697912,0.8600757107784343,0.7147806976881834,0.9811697646847319,0.9124831989830209,0.13992428922156575,0.2852193023118166
0.2958329513671385,0.5475937691035074,0.35304291275130995,0.2758441092236127,0.7041670486328615,0.45240623089649257,0.64695708724869,0.7241558907763873
0.9340953272586775,0.9357788917294165,0.65526233815979,0.5704630790195866,0.0659046727413225,0.06422110827058347,0.34473766184021004,0.4295369209804134
0.1874624996336639,0.958974027483306,0.02315756974641847,0.4121391774774964,0.8125375003663361,0.04102597251669404,0.9768424302535815,0.5878608225225036
0.29565846646635185,0.38184366238440925,0.698727223217674,0.7249762415062757,0.7043415335336481,0.6181563376155907,0.301272776782326,0.2750237584937243
0.47894222561261657,0.9942798676670755,0.6040901450548835,0.4239335409644296,0.5210577743873834,0.005720132332924455,0.39590985494511655,0.5760664590355704
0.41577487549533665,0.22429637821154869,0.3974813943691793,0.8380816401569963,0.5842251245046634,0.7757036217884513,0.6025186056308207,0.16191835984300373
0.8926118754318824,0.6874109163544854,0.6185075670796594,0.07229278044533782,0.10738812456811764,0.31258908364551463,0.38149243292034063,0.9277072195546622
0.7447328934911956,0.8384867164451446,0.5324343292222712,0.43289570535583555,0.25526710650880435,0.1615132835548554,0.4675656707777288,0.5671042946441645
0.2206688515767138,0.2207669066806286,0.06659968033722297,0.3459506239802669,0.7793311484232862,0.7792330933193714,0.933400319662777,0.6540493760197331
0.5097221449114698,0.6163201326447816,0.42525010925420703,0.6353758344102546,0.49027785508853017,0.3836798673552184,0.574749890745793,0.3646241655897454
0.6603287841210317,0.6652016901456238,0.8646157033240117,0.9783709097042004,0.3396712158789683,0.3347983098543762,0.13538429667598828,0.021629090295799624
0.8783390604820883,0.9766764266872751,0.23926881928565835,0.07528082039879336,0.12166093951791168,0.023323573312724943,0.7607311807143416,0.9247191796012066
0.5042026968203803,0.14633155650381202,0.4448495208462485,0.21140103829995116,0.4957973031796197,0.853668443496188,0.5551504791537515,0.7885989617000488
0.00941054025444743,0.5743100312067434,0.4543720799999382,0.08087509646891067,0.9905894597455526,0.4256899687932566,0.5456279200000618,0.9191249035310893
0.6952763372530194,0.4322757784588033,0.6563474234200248,0.04547529862219046,0.3047236627469806,0.5677242215411967,0.34365257657997517,0.9545247013778095
0.7653859929418964,0.13280901356209784,0.7299760884558089,0.14645914503646684,0.23461400705810365,0.8671909864379022,0.27002391154419114,0.8535408549635332
0.9214938263793914,0.5978737504050222,0.05628480667379865,0.25640646913279164,0.07850617362060863,0.4021262495949778,0.9437151933262014,0.7435935308672084
0.23166463019048789,0.5023875521447613,0.6250537347102041,0.8170022046672353,0.7683353698095121,0.4976124478552387,0.3749462652897959,0.18299779533276472
0.7236431585257664,0.7334079937826647,0.7274938233105721,0.7671416125796942,0.27635684147423356,0.26659200621733525,0.2725061766894279,0.23285838742030585
0.1990651856646577,0.20550685439457073,0.6505666517648946,0.010213964891846339,0.8009348143353423,0.7944931456054293,0.3494333482351054,0.9897860351081537
0.43066632267110583,0.4317807498774885,0.883940292096136,0.48445889010212617,0.5693336773288942,0.5682192501225115,0.116059707903864,0.5155411098978738
0.7839609424463934,0.40496929541712356,0.8084707642143526,0.45721426637758966,0.21603905755360664,0.5950307045828764,0.1915292357856474,0.5427857336224103
0.04582750631721766,0.3272991794495925,0.26020336298196656,0.12172066310316665,0.9541724936827823,0.6727008205504075,0.7397966370180334,0.8782793368968334
0.6147595911136737,0.6511833474874414,0.027436838005036046,0.33373749256244056,0.38524040888632627,0.34881665251255856,0.972563161994964,0.6662625074375594
0.9214387753408274,0.09981266859278126,0.046524400392835896,0.6689166573260715,0.07856122465917259,0.9001873314072187,0.9534755996071641,0.33108334267392847
0.2575186546634183,0.08613852296096192,0.3315175310385946,0.49189417154907866,0.7424813453365817,0.9138614770390381,0.6684824689614054,0.5081058284509213
0.3010156161061621,0.691277745362245,0.9303154362411276,0.3001090217552683,0.6989843838938379,0.30872225463775504,0.06968456375887244,0.6998909782447317
0.10951041958979069,0.9084949651019272,0.7685227436434189,0.645712417052464,0.8904895804102093,0.09150503489807282,0.23147725635658112,0.35428758294753604
0.9153487042470747,0.9513506501331793,0.9346723747492359,0.5582740675273965,0.08465129575292529,0.04864934986682068,0.06532762525076408,0.4417259324726035
0.854199344711446,0.9429715124021615,0.4319801495926082,0.19107074438814764,0.14580065528855402,0.05702848759783852,0.5680198504073918,0.8089292556118524
0.7317147591352589,0.9513496555814145,0.5188523072197929,0.5517242118468875,0.26828524086474115,0.04865034441858551,0.4811476927802071,0.44827578815311253
0.4740568874131337,0.9242026776788812,0.6121531076567338,0.8890286887293892,0.5259431125868663,0.0757973223211188,0.3878468923432662,0.11097131127061077
0.9727982198732565,0.7953095413100197,0.01294341410350397,0.49062435760577605,0.027201780126743458,0.20469045868998026,0.987056585896496,0.509375642394224
0.5803296065611365,0.47481257489826445,0.96856429168245,0.8453131161557687,0.4196703934388635,0.5251874251017355,0.03143570831755005,0.15468688384423135
0.956121425556633,0.9330475322990789,0.894181928516761,0.48409001439295996,0.04387857444336696,0.06695246770092111,0.10581807148323896,0.51590998560704
0.315279484714725,0.5210279497831718,0.6804009882687719,0.8378117368260757,0.684720515285275,0.4789720502168282,0.31959901173122807,0.16218826317392432
0.7622407890037589,0.02230738773289387,0.1756186054355473,0.8579569879929181,0.2377592109962411,0.9776926122671061,0.8243813945644527,0.14204301200708191
0.12017020173164461,0.2219184943141037,0.9254475680351495,0.2573791433518531,0.8798297982683554,0.7780815056858963,0.07455243196485051,0.7426208566481469
0.41709846126071837,0.3980903313457911,0.8561187052805498,0.25093784245025763,0.5829015387392816,0.6019096686542089,0.14388129471945021,0.7490621575497424
0.28764298012116774,0.14444433913240673,0.34842174629431377,0.4698862607761368,0.7123570198788323,0.8555556608675933,0.6515782537056862,0.5301137392238632
0.37588207081990843,0.6346155255726467,0.12156889803682036,0.7665949934958473,0.6241179291800916,0.36538447442735333,0.8784311019631796,0.23340500650415275
0.023725769767409033,0.6479410240247969,0.5995623455868216,0.6462633358601474,0.976274230232591,0.3520589759752031,0.40043765441317836,0.3537366641398526
0.369762748980888,0.6689215130631029,0.37230870761183876,0.6296658349898805,0.630237251019112,0.3310784869368971,0.6276912923881612,0.3703341650101195
0.9079334310603838,0.05369169468429169,0.6005873374619328,0.0007845537688437876,0.09206656893961618,0.9463083053157083,0.3994126625380672,0.9992154462311562
0.5841814120508265,0.8788435734068528,0.21998453520680272,0.09190928878096694,0.4158185879491735,0.12115642659314718,0.7800154647931973,0.9080907112190331
0.04868134597358953,0.6498092502390228,0.7680888834893367,0.9059526111574356,0.9513186540264105,0.3501907497609772,0.23191111651066332,0.09404738884256436
0.7923226412578237,0.12228835684197348,0.17437215055722766,0.7949847604435117,0.2076773587421763,0.8777116431580265,0.8256278494427723,0.20501523955648826
0.01885216479967866,0.19529546701491984,0.9839678809442495,0.06866146868142475,0.9811478352003213,0.8047045329850802,0.016032119055750527,0.9313385313185752
0.43929660924095204,0.3120958432533685,0.9543651210033552,0.3307095141601002,0.560703390759048,0.6879041567466315,0.04563487899664476,0.6692904858398998
0.07063207423224527,0.28681090739664283,0.2108381375600077,0.9268018523064255,0.9293679257677547,0.7131890926033572,0.7891618624399923,0.07319814769357447
0.7398743726574725,0.6019857216024899,0.33184803866050394,0.9265018274903386,0.26012562734252753,0.39801427839751014,0.6681519613394961,0.0734981725096614
0.26050176136541636,0.14260912995636565,0.26901622371687406,0.7933675411092904,0.7394982386345836,0.8573908700436343,0.7309837762831259,0.20663245889070958
0.226798732647163,0.6651111310957933,0.309798872288625,0.7965119633320131,0.773201267352837,0.33488886890420666,0.690201127711375,0.20348803666798687
0.5662238736565589,0.7006765014179249,0.4291299767672728,0.6392639977928772,0.4337761263434411,0.2993234985820751,0.5708700232327272,0.36073600220712276
0.6806139992348953,0.11683961480500715,0.8053613786937857,0.29580921158292306,0.3193860007651047,0.8831603851949928,0.19463862130621434,0.7041907884170769
0.9541222958959658,0.2296320604800718,0.033113591530790965,0.5574303124420477,0.045877704104034245,0.7703679395199282,0.966886408469209,0.44256968755795234
0.0006841510170162435,0.0721813513860341,0.445662015095991,0.8560709256696368,0.9993158489829838,0.9278186486139659,0.554337984904009,0.14392907433036317
0.04155269246271376,0.7155010857786086,0.9819876894487003,0.30252515597980056,0.9584473075372862,0.2844989142213914,0.018012310551299704,0.6974748440201994
0.05639656362487788,0.5454998715581507,0.7444308484974603,0.21034806607534762,0.9436034363751221,0.4545001284418493,0.25556915150253967,0.7896519339246524
0.2308956966655168,0.352497063780172,0.8586283005185295,0.9267440001394226,0.7691043033344832,0.647502936219828,0.14137169948147055,0.0732559998605774
0.5872750828295787,0.6587403864236513,0.7039299354747669,0.9463693050449123,0.41272491717042126,0.3412596135763487,0.2960700645252331,0.053630694955087654
0.403328034545008,0.13731170635332846,0.2440703040408312,0.9170306871392455,0.596671965454992,0.8626882936466715,0.7559296959591688,0.08296931286075448
0.3053445234746598,0.7547094110776638,0.3279119861474581,0.25880137445962825,0.6946554765253402,0.24529058892233624,0.6720880138525419,0.7411986255403717
0.8899250157745467,0.27989354533432376,0.4276945074120242,0.8817583276934348,0.11007498422545325,0.7201064546656762,0.5723054925879758,0.11824167230656524
0.7800410744876609,0.8440126279390495,0.8809960043857442,0.49729529876653766,0.2199589255123391,0.15598737206095048,0.11900399561425579,0.5027047012334623
0.9727185702075052,0.0683811235378412,0.5431371827040136,0.03191183609693027,0.027281429792494816,0.9316188764621588,0.45686281729598643,0.9680881639030697
0.42850653231935776,0.38567444586768107,0.1956065907319109,0.14204937378026428,0.5714934676806422,0.6143255541323189,0.8043934092680891,0.8579506262197357
0.985856421921093,0.27725965424307286,0.3090752184008133,0.16239257421318798,0.014143578078906982,0.7227403457569271,0.6909247815991867,0.837607425786812
0.6122185028293482,0.515766968254166,0.1208783758286971,0.2197121997968341,0.3877814971706518,0.484233031745834,0.8791216241713029,0.7802878002031659
0.281410142807327,0.26865085346879913,0.3222111861676282,0.8744853563937373,0.718589857192673,0.7313491465312009,0.6777888138323718,0.12551464360626274
0.04634954211116549,0.1723641001073959,0.05974989466924263,0.19684171999925937,0.9536504578888345,0.8276358998926041,0.9402501053307574,0.8031582800007406
0.6611256718141082,0.10677991327096059,0.2546880540542601,0.3173549418595194,0.3388743281858918,0.8932200867290394,0.7453119459457399,0.6826450581404806
0.3222697476461548,0.9057332640748054,0.07627597452032331,0.7923805638726567,0.6777302523538452,0.09426673592519463,0.9237240254796767,0.20761943612734335
0.34234647661384643,0.022062030467583926,0.10391629344590847,0.15913624601201593,0.6576535233861536,0.9779379695324161,0.8960837065540915,0.8408637539879841
0.9046332803346886,0.2177094445029638,0.08786982512204233,0.28244798473095645,0.0953667196653114,0.7822905554970362,0.9121301748779577,0.7175520152690436
0.20121842219699015,0.9594291476623801,0.0446623406868748,0.3535993471998803,0.7987815778030098,0.04057085233761992,0.9553376593131252,0.6464006528001197
0.9419350982921042,0.9272520327909973,0.5719387785474662,0.898796689509942,0.0580649017078958,0.07274796720900267,0.4280612214525338,0.10120331049005804
0.3824413637638595,0.24995460407124215,0.7058748820228118,0.3650557188859571,0.6175586362361405,0.7500453959287579,0.2941251179771882,0.6349442811140429
0.012078379372823633,0.7195519858339089,0.40376949661023986,0.21825105811007017,0.9879216206271764,0.2804480141660911,0.5962305033897601,0.7817489418899298
0.27490455318834184,0.19085402453920042,0.4010555210409227,0.8624153610966666,0.7250954468116582,0.8091459754607996,0.5989444789590773,0.1375846389033334
0.9489534786763599,0.9976450743466312,0.14360104171322263,0.5586292345252977,0.05104652132364007,0.002354925653368811,0.8563989582867774,0.44137076547470233
0.2661275105567885,0.5219005989050182,0.8157663510282581,0.9617098996052192,0.7338724894432115,0.47809940109498184,0.18423364897174188,0.03829010039478076
0.18987081247541227,0.5058706520005218,0.4195841029649049,0.16318356687450974,0.8101291875245877,0.49412934799947816,0.5804158970350951,0.8368164331254903
0.22660052550480025,0.21101795291874148,0.9198130984274103,0.3835742463384648,0.7733994744951997,0.7889820470812585,0.08018690157258967,0.6164257536615352
0.6944439981084662,0.23358256188880255,0.5047286817583565,0.44540575952565953,0.30555600189153376,0.7664174381111974,0.4952713182416435,0.5545942404743405
0.4458892836698488,0.47678112125929384,0.6577904200772069,0.1218616963753617,0.5541107163301512,0.5232188787407062,0.3422095799227931,0.8781383036246383
0.5856213357172632,0.9880732047546451,0.6555983506110697,0.9307937162365417,0.41437866428273684,0.011926795245354893,0.34440164938893025,0.06920628376345828
0.2015641592083658,0.5328776123459606,0.8109758570892033,0.8730429910488435,0.7984358407916342,0.46712238765403935,0.18902414291079672,0.12695700895115647
0.1468504185405134,0.47315066971345365,0.1789785668691355,0.6575084604084256,0.8531495814594866,0.5268493302865463,0.8210214331308645,0.3424915395915744
0.19446068181066378,0.6990558197058531,0.4516607593945079,0.6190526386366626,0.8055393181893362,0.30094418029414693,0.5483392406054921,0.3809473613633374
0.4583793699595279,0.6792357855792769,0.1409239633924062,0.20601936455628722,0.5416206300404721,0.3207642144207231,0.8590760366075938,0.7939806354437128
0.10078415708443744,0.8679199829828846,0.4145206751871249,0.9715805760186089,0.8992158429155626,0.13208001701711536,0.5854793248128751,0.02841942398139108
0.7418281945128484,0.4454416740321697,0.5193757783661023,0.6561306355241856,0.2581718054871516,0.5545583259678303,0.48062422163389773,0.3438693644758144
0.6969313943740238,0.8244658463956693,0.5131911916633941,0.10864479918248837,0.30306860562597615,0.17553415360433067,0.4868088083366059,0.8913552008175116
0.9816978401933161,0.466370625843603,0.8116993957422237,0.7817737124568099,0.018302159806683926,0.533629374156397,0.18830060425777628,0.21822628754319007
0.3332002164638357,0.3286659693458507,0.5709105997881402,0.2981627712909496,0.6667997835361643,0.6713340306541493,0.4290894002118598,0.7018372287090504
0.22239227002828155,0.6019747758264792,0.7834077193210015,0.453903024519528,0.7776077299717185,0.3980252241735208,0.2165922806789985,0.546096975480472
0.8628332774345192,0.42948803669484326,0.9703326824332307,0.7799595348878161,0.1371667225654808,0.5705119633051567,0.029667317566769325,0.2200404651121839
0.5476324785149411,0.5415864200328027,0.0039033311182187225,0.9289191352707905,0.4523675214850589,0.45841357996719734,0.9960966688817813,0.07108086472920949
0.054091435436048,0.5375921844732788,0.8296291660895456,0.7907680296305015,0.945908564563952,0.46240781552672117,0.17037083391045438,0.20923197036949848
0.8287320711348667,0.8489831642303999,0.2716968221651086,0.2170937639562125,0.1712679288651333,0.15101683576960012,0.7283031778348914,0.7829062360437875
0.8517345360132376,0.3861613577170401,0.27030841824983676,0.15486469194178532,0.14826546398676244,0.6138386422829599,0.7296915817501632,0.8451353080582147
0.08944958009698756,0.8721645499535676,0.2461912440202717,0.835592803519858,0.9105504199030124,0.12783545004643238,0.7538087559797283,0.16440719648014201
0.16728097884587811,0.8443808212150443,0.3139975460713009,0.025032630754380336,0.8327190211541219,0.15561917878495568,0.6860024539286991,0.9749673692456197
0.856852402208279,0.35224197934573653,0.7604631101285899,0.7640948253077843,0.14314759779172104,0.6477580206542635,0.23953688987141009,0.23590517469221572
0.7435341170071063,0.4799944576249008,0.8990907042233337,0.6161956509697641,0.25646588299289375,0.5200055423750992,0.1009092957766663,0.38380434903023586
0.933857136069032,0.8807646178958471,0.9649112539270298,0.6389210606483683,0.06614286393096802,0.11923538210415285,0.03508874607297019,0.3610789393516317
0.9917969298524176,0.12218338331210687,0.16301108622103022,0.43910410348161766,0.00820307014758237,0.8778166166878931,0.8369889137789698,0.5608958965183823
0.5071580694991883,0.08296075325649555,0.14581539128541132,0.5925918859324979,0.4928419305008117,0.9170392467435045,0.8541846087145887,0.4074081140675021
0.8184588483565884,0.552134919849285,0.8882392641893228,0.4771199542120871,0.18154115164341156,0.447865080150715,0.11176073581067725,0.5228800457879129
0.4243491783309543,0.6607137462523722,0.9362653814679384,0.1080813131316275,0.5756508216690457,0.3392862537476278,0.06373461853206164,0.8919186868683725
0.9806617957092062,0.4176332112148067,0.7288134995499459,0.0006836208767653229,0.019338204290793803,0.5823667887851933,0.2711865004500541,0.9993163791232347
0.9271431904446388,0.5500661687447606,0.46132085806837686,0.3517061426530209,0.07285680955536122,0.44993383125523945,0.5386791419316231,0.6482938573469791
0.22314675309161824,0.602622743870363,0.5529073561178054,0.6860896991375931,0.7768532469083818,0.39737725612963704,0.4470926438821946,0.3139103008624069
0.2188195703100374,0.9513993333748773,0.5203253835029954,0.8268484509320432,0.7811804296899626,0.048600666625122746,0.4796746164970046,0.17315154906795682
0.7502334118516281,0.4897561816192679,0.050327419142859875,0.7555875701655679,0.24976658814837194,0.5102438183807321,0.9496725808571401,0.24441242983443212
0.6559792108402966,0.12877048419849557,0.13154131582711415,0.7365340336663119,0.34402078915970336,0.8712295158015044,0.8684586841728859,0.26346596633368813
0.04809262898997402,0.5306875482982688,0.7003521346715608,0.17976444014973203,0.951907371010026,0.4693124517017312,0.29964786532843923,0.820235559850268
0.9464352632591463,0.5914219767028307,0.9937459650898675,0.9149958027558743,0.05356473674085371,0.4085780232971693,0.006254034910132544,0.08500419724412567
0.9366444247770611,0.5643084180820371,0.963520165904221,0.7948976836182141,0.06335557522293889,0.43569158191796287,0.03647983409577904,0.2051023163817859
0.9166247263753635,0.25938147266097666,0.8432272115563559,0.5200282321345335,0.08337527362463648,0.7406185273390233,0.15677278844364406,0.47997176786546647
0.3504349225075446,0.10038104475443921,0.3450670402505005,0.35599155725868215,0.6495650774924554,0.8996189552455608,0.6549329597494995,0.6440084427413179
0.6187181165836223,0.030523856493549606,0.821637066624066,0.1039928716408528,0.3812818834163777,0.9694761435064504,0.178362933375934,0.8960071283591472
0.8113434011203184,0.06460392772192969,0.691322437100936,0.13092006214778784,0.18865659887968156,0.9353960722780703,0.308677562899064,0.8690799378522122
0.2330326939419537,0.3737694760794127,0.9983647778036234,0.01139536709040001,0.7669673060580463,0.6262305239205873,0.0016352221963765734,0.9886046329096
0.7094202892476024,0.6100103874722869,0.33090159442101597,0.32765949816196127,0.29057971075239764,0.38998961252771314,0.669098405578984,0.6723405018380387
0.5417692355486584,0.3881852265738135,0.13649737289980435,0.5940859396668005,0.4582307644513416,0.6118147734261865,0.8635026271001957,0.40591406033319954
0.21250607000017008,0.6109749334368852,0.9909488555685355,0.1617758153255272,0.7874939299998299,0.38902506656311475,0.009051144431464486,0.8382241846744728
0.10722829852467586,0.1276391937469069,0.6070628755633692,0.46905851018891775,0.8927717014753241,0.8723608062530931,0.39293712443663076,0.5309414898110822
0.8247048071527661,0.9726658002815305,0.5923698969811114,0.758103886773706,0.17529519284723394,0.02733419971846951,0.4076301030188886,0.241896113226294
0.12371491707313986,0.5522175704664747,0.4324572506376013,0.3915240814734874,0.8762850829268601,0.4477824295335253,0.5675427493623987,0.6084759185265126
0.5360377491771537,0.6196750313505244,0.4685344208738724,0.854203555309269,0.46396225082284626,0.3803249686494756,0.5314655791261276,0.14579644469073105
0.9873064204448471,0.16169117433495528,0.810432400971644,0.9097473205439535,0.012693579555152934,0.8383088256650447,0.18956759902835596,0.09025267945604654
0.025904537917630144,0.04339954902664023,0.5179840249041452,0.15682672563154232,0.9740954620823699,0.9566004509733598,0.4820159750958548,0.8431732743684577
0.03338990316048773,0.9796321790849568,0.0785810322921,0.47409376784307267,0.9666100968395123,0.02036782091504319,0.9214189677079,0.5259062321569273
0.13489184737984272,0.2299857118017432,0.6163327018448916,0.5077345640886453,0.8651081526201573,0.7700142881982568,0.38366729815510836,0.49226543591135474
0.9885862332053468,0.18708291485094364,0.8695716391076798,0.4126856297847349,0.011413766794653224,0.8129170851490564,0.13042836089232024,0.5873143702152651
0.2418249736904201,0.11817211695869823,0.8921970246599786,0.4761468382679611,0.7581750263095799,0.8818278830413018,0.10780297534002137,0.5238531617320389
0.3438216547528391,0.6150685054803084,0.6810705422594919,0.9545991681124656,0.6561783452471609,0.38493149451969155,0.31892945774050807,0.04540083188753441
0.17800454440071012,0.32795826628723124,0.7576706123777621,0.2144242155332028,0.8219954555992899,0.6720417337127688,0.24232938762223788,0.7855757844667972
0.6548067075042736,0.696672147576844,0.5757704288777953,0.8764360153470278,0.3451932924957264,0.30332785242315596,0.4242295711222047,0.12356398465297225
0.8729521524844287,0.7219080667566299,0.7202042429933672,0.21763362551858167,0.1270478475155713,0.2780919332433701,0.27979575700663284,0.7823663744814183
0.12430755410251437,0.8069320199619897,0.4756269900705975,0.7546896882924273,0.8756924458974856,0.1930679800380103,0.5243730099294025,0.24531031170757267
0.3585980938952501,0.8200824944962632,0.2941876004874159,0.2846233955420666,0.6414019061047499,0.17991750550373675,0.7058123995125841,0.7153766044579334
0.06323067310445207,0.40022261462742215,0.7930776219093659,0.7479344709307145,0.9367693268955479,0.5997773853725779,0.20692237809063407,0.2520655290692855
0.02165131642055973,0.6840050808516485,0.47143853110001754,0.22785530430248369,0.9783486835794403,0.31599491914835154,0.5285614688999825,0.7721446956975163
0.49190063911857507,0.2796783582990685,0.6341242040495797,0.11757753304937624,0.5080993608814249,0.7203216417009315,0.3658757959504203,0.8824224669506238
0.7122417373393669,0.5838099665975207,0.4822533295988062,0.05678677513408559,0.2877582626606331,0.4161900334024793,0.5177466704011938,0.9432132248659144
0.9903613033541583,0.6984494474056177,0.10975088416090817,0.8983214700180727,0.009638696645841716,0.30155055259438235,0.8902491158390918,0.10167852998192728
0.6933496767959451,0.4673425520948492,0.524861872414057,0.37603900533996404,0.30665032320405494,0.5326574479051508,0.475138127585943,0.623960994660036
0.45278950833096765,0.1369019527150055,0.7600254587584501,0.31951457361018054,0.5472104916690324,0.8630980472849945,0.23997454124154993,0.6804854263898195
0.3634238284838246,0.9366471973567194,0.7676816420939553,0.41022008700982704,0.6365761715161754,0.06335280264328058,0.23231835790604471,0.589779912990173
0.398476702344119,0.5990240368194508,0.682610403320402,0.5642629198872117,0.601523297655881,0.4009759631805492,0.317389596679598,0.43573708011278833
0.9075266613348396,0.38032501686601017,0.2925585149547598,0.10967677418109656,0.09247333866516039,0.6196749831339898,0.7074414850452402,0.8903232258189034
0.40161461183452696,0.08939911248490773,0.4175071015029357,0.04092813531908057,0.598385388165473,0.9106008875150923,0.5824928984970643,0.9590718646809194
0.19136720793916606,0.6705481533176503,0.4624938310346878,0.9948948589896325,0.8086327920608339,0.3294518466823497,0.5375061689653122,0.00510514101036752
0.17860488673116304,0.6628817589275479,0.3944680716787766,0.5523711987738722,0.821395113268837,0.33711824107245214,0.6055319283212234,0.4476288012261278
0.343949960735781,0.7679254072956061,0.6816591498873925,0.06660988205152796,0.656050039264219,0.2320745927043939,0.3183408501126075,0.933390117948472
0.7284295487575666,0.4967632166653251,0.23501254417099937,0.6377378451197304,0.2715704512424334,0.5032367833346749,0.7649874558290006,0.3622621548802696
0.9261753284060592,0.5535806655397856,0.4942568209692233,0.9588235779824369,0.0738246715939408,0.4464193344602144,0.5057431790307767,0.04117642201756311
0.43919682911982927,0.28749163680861023,0.5038847738538595,0.31525469501151304,0.5608031708801707,0.7125083631913898,0.49611522614614045,0.684745304988487
0.6669871727254576,0.5247181465928479,0.4880061724313999,0.46987368221324755,0.3330128272745424,0.4752818534071521,0.5119938275686001,0.5301263177867525
0.9920887563171897,0.9100905775315967,0.4650593792920352,0.06280922099394426,0.007911243682810265,0.08990942246840328,0.5349406207079648,0.9371907790060557
0.7902391551132585,0.061370014770057435,0.5929343934776472,0.6190759332776716,0.20976084488674152,0.9386299852299426,0.4070656065223528,0.38092406672232837
0.3761313605190182,0.05107083351564223,0.41781437171169344,0.3116373121897883,0.6238686394809818,0.9489291664843578,0.5821856282883066,0.6883626878102117
0.009673089562224568,0.22252111917851913,0.4381957797398638,0.9476937605752234,0.9903269104377754,0.7774788808214809,0.5618042202601362,0.052306239424776635
0.9282648455509745,0.4533441846670052,0.6580433760563626,0.9960005022166664,0.07173515444902545,0.5466558153329948,0.34195662394363735,0.003999497783333639
0.5639878660922455,0.2687884348967673,0.9008014408184594,0.7477899275759704,0.4360121339077545,0.7312115651032327,0.09919855918154064,0.2522100724240296
0.41399760055506973,0.8334372050505062,0.022926515657354707,0.8322734881832738,0.5860023994449303,0.16656279494949378,0.9770734843426453,0.16772651181672615
0.12288656771590256,0.6565401432287867,0.692746924858797,0.9536167851278654,0.8771134322840974,0.34345985677121327,0.30725307514120304,0.04638321487213459
0.6387953153708558,0.9919942375109625,0.34522466068565183,0.10745654274528271,0.36120468462914423,0.008005762489037505,0.6547753393143482,0.8925434572547173
0.8406033012207438,0.14617564471818179,0.3426426590641173,0.8501783879941909,0.15939669877925622,0.8538243552818182,0.6573573409358827,0.14982161200580912
0.42971361573832423,0.07857482750174805,0.6378331420267159,0.8202296394235701,0.5702863842616758,0.921425172498252,0.3621668579732841,0.17977036057642992
0.6990881773196057,0.49908068729560895,0.6603193041285054,0.1152304719048296,0.3009118226803943,0.500919312704391,0.33968069587149463,0.8847695280951704
0.5728389159006558,0.7218872578831058,0.05531766560960394,0.5233261469567158,0.42716108409934417,0.2781127421168942,0.9446823343903961,0.47667385304328425
0.20556420996953995,0.5060782896057374,0.4080778466131092,0.09403036034943613,0.79443579003046,0.4939217103942626,0.5919221533868908,0.9059696396505639
0.1895594001966895,0.4578210853145549,0.4194577717466649,0.5071845330349001,0.8104405998033105,0.5421789146854451,0.5805422282533351,0.4928154669650999
0.26414207986287064,0.47872152861427464,0.43621473732841676,0.9871367865491896,0.7358579201371294,0.5212784713857254,0.5637852626715832,0.012863213450810429
0.38540264055857043,0.15290287813089865,0.0948385056484401,0.6923549188774797,0.6145973594414296,0.8470971218691014,0.9051614943515599,0.3076450811225203
0.9523156727203772,0.46814548114656396,0.6166803089915982,0.29121885078989385,0.047684327279622796,0.531854518853436,0.3833196910084018,0.7087811492101062
0.5413256644110453,0.7572257010049875,0.9446084311736649,0.4742422364597967,0.45867433558895465,0.24277429899501246,0.055391568826335114,0.5257577635402033
0.543505100838439,0.20532123600782914,0.4628593119286667,0.9074249683670967,0.45649489916156105,0.7946787639921709,0.5371406880713333,0.09257503163290326
0.49342604241665033,0.7593087428659068,0.722471718408483,0.6672679634934645,0.5065739575833497,0.24069125713409323,0.277528281591517,0.3327320365065355
0.8158721739507407,0.3520867306387636,0.11917702357306792,0.48983893186754146,0.18412782604925926,0.6479132693612364,0.8808229764269321,0.5101610681324585
0.11060103818915457,0.015221922422568146,0.5146156190741851,0.21164200526526233,0.8893989618108454,0.9847780775774319,0.48538438092581493,0.7883579947347377
0.8251910159362564,0.7958788982022603,0.7781918277149228,0.012734880297633033,0.17480898406374357,0.20412110179773968,0.2218081722850772,0.987265119702367
0.4773660161725606,0.7190088475266302,0.6547390910647376,0.6964241660438744,0.5226339838274394,0.2809911524733698,0.3452609089352624,0.30357583395612564
0.2383534105388444,0.4745727634736574,0.3834148741165079,0.8167649683651571,0.7616465894611556,0.5254272365263426,0.6165851258834921,0.1832350316348429
0.3201740887165512,0.953944050551535,0.1175615740142163,0.32846344087160073,0.6798259112834488,0.04605594944846503,0.8824384259857837,0.6715365591283993
0.963889173727538,0.3909673047388841,0.37980793619285924,0.16720960924368355,0.03611082627246198,0.6090326952611159,0.6201920638071408,0.8327903907563164
0.06725933277863072,0.12483180492424617,0.4445038534525635,0.1922862248701127,0.9327406672213693,0.8751681950757538,0.5554961465474365,0.8077137751298873
0.6144173278570915,0.5727803222568886,0.1881300803931767,0.2317848361316598,0.38558267214290853,0.4272196777431114,0.8118699196068233,0.7682151638683402
0.1802328949026697,0.1959349313475428,0.07302592510639272,0.4193614615207085,0.8197671050973303,0.8040650686524572,0.9269740748936073,0.5806385384792915
0.9984585000281778,0.5833236919034843,0.12024177418553483,0.3079734477371532,0.00154149997182218,0.4166763080965157,0.8797582258144652,0.6920265522628468
0.004394814655530932,0.5855431381141903,0.6709279571510538,0.920507876432582,0.9956051853444691,0.41445686188580966,0.3290720428489462,0.07949212356741797
0.7353770799746047,0.03837311470774152,0.32128086499207587,0.414074546099657,0.26462292002539534,0.9616268852922585,0.6787191350079241,0.585925453900343
0.7676651532501892,0.2486274008565631,0.36503477908078363,0.44652091856008636,0.23233484674981075,0.7513725991434369,0.6349652209192164,0.5534790814399136
0.48469761182858817,0.8891696293189758,0.27016900970383684,0.5724750451513968,0.5153023881714118,0.11083037068102419,0.7298309902961632,0.4275249548486032
0.43193066015230774,0.8370808048386876,0.044772614882173434,0.0973934610346292,0.5680693398476923,0.16291919516131237,0.9552273851178266,0.9026065389653708
0.7963170954816517,0.8225491081780082,0.20490262599271247,0.6627776787336955,0.20368290451834825,0.1774508918219918,0.7950973740072875,0.33722232126630447
0.73817581873292,0.7716779555802415,0.6538307926098443,0.15053517615879064,0.26182418126707996,0.22832204441975845,0.34616920739015566,0.8494648238412094
0.29868740204400335,0.5586912441799251,0.10207967086889458,0.4207955184185751,0.7013125979559967,0.4413087558200749,0.8979203291311054,0.5792044815814249
0.38338480152081633,0.7994061952271203,0.49604693050240256,0.5194530085679034,0.6166151984791837,0.2005938047728797,0.5039530694975974,0.48054699143209656
0.35817199510450415,0.7947521440165909,0.9035390372534894,0.1915118619383427,0.6418280048954959,0.2052478559834091,0.09646096274651061,0.8084881380616573
0.36094396234899184,0.2699799445389318,0.051484770686441084,0.7305167095858591,0.6390560376510082,0.7300200554610682,0.9485152293135589,0.2694832904141409
0.7450601471592602,0.21853576841519473,0.7293604052713194,0.027422142701024055,0.25493985284073983,0.7814642315848053,0.2706395947286806,0.972577857298976
0.6653185599501896,0.09171795033202357,0.24856960083186475,0.8833791736218144,0.3346814400498104,0.9082820496679764,0.7514303991681353,0.1166208263781856
0.9301783721397983,0.9132938275477017,0.7525720364506072,0.16877746598607035,0.06982162786020174,0.08670617245229828,0.24742796354939278,0.8312225340139296
0.8524687039676693,0.7494805389940045,0.7557339913175369,0.351338824198435,0.14753129603233073,0.25051946100599554,0.24426600868246306,0.648661175801565
0.53378303305355,0.5018167676703122,0.8064257183456306,0.42238116760632394,0.46621696694645,0.49818323232968775,0.1935742816543694,0.5776188323936761
0.24828550135850824,0.1498689337411364,0.3790640816253945,0.12649394952192827,0.7517144986414918,0.8501310662588636,0.6209359183746055,0.8735060504780717
0.5004297193892867,0.872293016008212,0.12482263592837417,0.8753000226995431,0.4995702806107133,0.12770698399178804,0.8751773640716258,0.1246999773004569
0.8009083779568956,0.4234103128337633,0.19928508149688495,0.8405646375890142,0.19909162204310438,0.5765896871662367,0.800714918503115,0.15943536241098577
0.7812250162476768,0.4673303788015398,0.13850556165334438,0.23895430305604393,0.21877498375232318,0.5326696211984602,0.8614944383466556,0.7610456969439561
0.7563284263941705,0.4973225649451536,0.12784324539102676,0.38666969935254736,0.24367157360582947,0.5026774350548464,0.8721567546089732,0.6133303006474526
0.17743804472372404,0.27183249075454874,0.17989552041227586,0.4709626435305796,0.822561955276276,0.7281675092454513,0.8201044795877241,0.5290373564694204
0.8352081644838975,0.6538165335876311,0.4250992333107142,0.4437300990041445,0.16479183551610255,0.34618346641236886,0.5749007666892858,0.5562699009958555
0.13515411958261525,0.8666765040084748,0.6999147643262219,0.9443890557725666,0.8648458804173847,0.13332349599152515,0.3000852356737781,0.0556109442274334
0.6971860911681024,0.7423524778990676,0.44326086550577537,0.4618029832569942,0.3028139088318976,0.25764752210093245,0.5567391344942246,0.5381970167430058
0.41641277522383335,0.512489363119815,0.17664285702592752,0.9844736234920624,0.5835872247761666,0.48751063688018503,0.8233571429740725,0.015526376507937645
0.6249244344378877,0.9568434847471784,0.799934178482546,0.2810309547795511,0.3750755655621123,0.0431565152528216,0.200065821517454,0.7189690452204489
0.5417909169873779,0.8991143932680743,0.8127673331371128,0.984638199938198,0.4582090830126221,0.1008856067319257,0.1872326668628872,0.015361800061801989
0.8772641706503672,0.6961309773445906,0.8350493208230081,0.0398054978598017,0.12273582934963279,0.3038690226554094,0.1649506791769919,0.9601945021401983
0.8429522181846196,0.6772174923832234,0.649811518662521,0.06613147488725457,0.15704778181538037,0.3227825076167766,0.35018848133747904,0.9338685251127454
0.16297637646859953,0.23311826458226748,0.5955957736039459,0.42753889885940655,0.8370236235314005,0.7668817354177325,0.4044042263960541,0.5724611011405935
0.6158696539320602,0.4816399950852297,0.8670804867225862,0.6304531135543836,0.38413034606793983,0.5183600049147703,0.1329195132774138,0.3695468864456164
0.9297991870736381,0.7664220908843361,0.7761525557547397,0.378200603541447,0.07020081292636193,0.2335779091156639,0.22384744424526026,0.621799396458553
0.8051440821239603,0.30735701264486237,0.9272679685697286,0.558755739203433,0.19485591787603973,0.6926429873551376,0.0727320314302714,0.441244260796567
0.29838261313823733,0.19759382053892027,0.27284217525721066,0.37866582315968766,0.7016173868617627,0.8024061794610797,0.7271578247427893,0.6213341768403123
0.33426839838241507,0.8552745040343639,0.7769823640570823,0.7598528030027076,0.6657316016175849,0.1447254959656361,0.22301763594291768,0.24014719699729237
0.0899832916774328,0.7697798271685659,0.48031236416385137,0.7045148629334732,0.9100167083225672,0.23022017283143414,0.5196876358361486,0.2954851370665268
0.0975896610432807,0.2301933193496084,0.15030691148892783,0.20719130597096602,0.9024103389567193,0.7698066806503916,0.8496930885110722,0.792808694029034
0.6212240751317523,0.13727781554666507,0.416648153725913,0.3324028143081922,0.37877592486824774,0.8627221844533349,0.583351846274087,0.6675971856918078
0.4851090898367797,0.058866282041410756,0.24227025239650346,0.896791248721506,0.5148909101632203,0.9411337179585892,0.7577297476034965,0.10320875127849405
0.5535391411608214,0.14804929497904595,0.012074058466580828,0.45042704086153873,0.44646085883917863,0.851950705020954,0.9879259415334192,0.5495729591384613
0.04505980156161837,0.036608809110145524,0.59426821246686,0.645864257503713,0.9549401984383816,0.9633911908898545,0.40573178753314,0.354135742496287
0.13000220072228064,0.9816749334090631,0.5185034726625701,0.6765586618489743,0.8699977992777194,0.01832506659093691,0.48149652733742987,0.3234413381510257
0.28484711000778384,0.6443835266520406,0.009964364611757759,0.6726856628673269,0.7151528899922162,0.3556164733479594,0.9900356353882422,0.3273143371326731
0.10247128956598073,0.9115981062617833,0.3985782251545035,0.4791128029461197,0.8975287104340193,0.08840189373821672,0.6014217748454965,0.5208871970538803
0.07854451156779252,0.47722508728944335,0.08196028169307146,0.8001436385787584,0.9214554884322075,0.5227749127105566,0.9180397183069285,0.19985636142124164
0.7076399457516107,0.6793440528803844,0.25346904280240135,0.4607728680682833,0.2923600542483893,0.32065594711961565,0.7465309571975987,0.5392271319317167
0.46142275029740654,0.054646817176640994,0.20557310010106256,0.5939893792041696,0.5385772497025935,0.945353182823359,0.7944268998989374,0.4060106207958304
0.2383619788967044,0.3883582664235351,0.47322098341809826,0.21852650273594887,0.7616380211032956,0.6116417335764649,0.5267790165819017,0.7814734972640511
0.3288136833838853,0.30619114411436366,0.9149429927234546,0.6616128063642617,0.6711863166161147,0.6938088558856363,0.08505700727654542,0.3383871936357383
0.9371549662613727,0.2824367627744466,0.3578524897359008,0.03836368925416567,0.06284503373862727,0.7175632372255534,0.6421475102640992,0.9616363107458343
0.7100208439041997,0.00769184548877877,0.09879656655116664,0.21371259881301075,0.2899791560958003,0.9923081545112212,0.9012034334488334,0.7862874011869893
0.7150240193862898,0.21142938663759347,0.13043671978042704,0.64045305381175,0.2849759806137102,0.7885706133624065,0.869563280219573,0.35954694618825
0.34903201764298974,0.5769377971730738,0.2778637653481042,0.09617321790364097,0.6509679823570103,0.4230622028269262,0.7221362346518958,0.903826782096359
0.9219690649419028,0.09189035352372399,0.7271073142801622,0.3185331457587339,0.07803093505809722,0.908109646476276,0.2728926857198378,0.6814668542412661
0.19000736582474587,0.2384124862927003,0.5842270129638718,0.7668808687903081,0.8099926341752541,0.7615875137072997,0.4157729870361282,0.23311913120969185
0.30706857018060396,0.7213200555854741,0.11508650667675047,0.031000718125734128,0.692931429819396,0.2786799444145259,0.8849134933232495,0.9689992818742659
0.9668646452707704,0.6351195761322121,0.3222478440622367,0.45754614870408794,0.03313535472922957,0.36488042386778785,0.6777521559377633,0.5424538512959121
0.8408527755439179,0.48931794249246485,0.24852670153015433,0.04240997940476443,0.1591472244560821,0.5106820575075351,0.7514732984698457,0.9575900205952356
0.23475859025631107,0.058114848368347016,0.07328778004450143,0.7376855874561032,0.7652414097436889,0.941885151631653,0.9267122199554986,0.26231441254389676
0.986088378283997,0.978440053049983,0.9912393505924594,0.9153938890096194,0.01391162171600302,0.02155994695001695,0.008760649407540622,0.08460611099038062
0.21847810338358908,0.05893734987837718,0.1277575853750127,0.8424346626630689,0.7815218966164109,0.9410626501216228,0.8722424146249873,0.15756533733693112
0.845823997811463,0.539290975830846,0.36665680524373434,0.15155295597665053,0.154176002188537,0.46070902416915405,0.6333431947562657,0.8484470440233495
0.34578368578625107,0.48468764360580185,0.7748578323772424,0.8685211463511204,0.6542163142137489,0.5153123563941981,0.22514216762275763,0.13147885364887957
0.13620913090722364,0.6679576569850549,0.3922668357077569,0.48163060977246563,0.8637908690927764,0.33204234301494506,0.6077331642922431,0.5183693902275344
0.9362745843621249,0.9586386608920197,0.40131869923486907,0.09498265501779879,0.06372541563787515,0.041361339107980344,0.5986813007651309,0.9050173449822012
0.3888546450602567,0.5950110854633278,0.9091287970746261,0.5031392700857833,0.6111453549397433,0.4049889145366722,0.09087120292537387,0.4968607299142167
0.2825026036856736,0.4362899012026422,0.8422062061160673,0.34114830454389955,0.7174973963143264,0.5637100987973578,0.15779379388393266,0.6588516954561005
0.9173569923286348,0.5896468468021062,0.9751398381407973,0.08874507390080677,0.08264300767136523,0.4103531531978938,0.0248601618592027,0.9112549260991932
0.16712304233968245,0.11258710493956259,0.09057680711771077,0.9341193671887812,0.8328769576603176,0.8874128950604374,0.9094231928822892,0.06588063281121881
0.16904153469171457,0.46668928103754426,0.37060350869471126,0.2608819443263726,0.8309584653082854,0.5333107189624557,0.6293964913052887,0.7391180556736274
0.976815713273177,0.4580590058916294,0.9475938585489501,0.171263114938915,0.023184286726823045,0.5419409941083706,0.05240614145104994,0.828736885061085
0.08406893440483165,0.5848034723200302,0.08286193707340661,0.44012524402810693,0.9159310655951683,0.41519652767996984,0.9171380629265934,0.5598747559718931
0.02101913906093189,0.6552711067773075,0.7302313471683526,0.6004171727635986,0.9789808609390681,0.3447288932226925,0.2697686528316474,0.39958282723640137
0.7486726656933518,0.23403783486049423,0.1012692190835125,0.9272401175624222,0.2513273343066482,0.7659621651395058,0.8987307809164875,0.0727598824375778
0.5333670176827994,0.9197486517869665,0.5795188153691323,0.9246815155413612,0.46663298231720063,0.08025134821303348,0.4204811846308677,0.07531848445863876
0.737310780828441,0.47680335107531857,0.14630533150483982,0.17059782470000384,0.26268921917155896,0.5231966489246814,0.8536946684951602,0.8294021752999962
0.23750616841434824,0.9132749441393562,0.3830842954977193,0.9095214941556112,0.7624938315856518,0.08672505586064383,0.6169157045022807,0.09047850584438877
0.5914950775132226,0.6639730355310299,0.8696974601688664,0.11721348227165751,0.4085049224867774,0.33602696446897007,0.1303025398311336,0.8827865177283425
0.8670058993836472,0.4356971502243492,0.4375591144163816,0.23817521598961566,0.13299410061635275,0.5643028497756508,0.5624408855836184,0.7618247840103843
0.6619314450330073,0.5464722973924235,0.39343031877879,0.36813833272247176,0.33806855496699273,0.45352770260757647,0.60656968122121,0.6318616672775282
0.0037851677922051685,0.34554857965282215,0.8477103254888975,0.5327727738751622,0.9962148322077948,0.6544514203471778,0.15228967451110254,0.4672272261248378
0.4196211744966365,0.25641013001375434,0.016851821778366416,0.751679802141152,0.5803788255033635,0.7435898699862457,0.9831481782216336,0.24832019785884796
0.43673540948773404,0.41710758626704414,0.3392774614594173,0.948265415294997,0.563264590512266,0.5828924137329559,0.6607225385405827,0.05173458470500303
0.29420044479921714,0.6236870126905668,0.03885706599453931,0.548454006927861,0.7057995552007829,0.3763129873094332,0.9611429340054607,0.45154599307213905
0.15841963778685264,0.5464010156262644,0.5291278787518595,0.4712793882300439,0.8415803622131474,0.4535989843737356,0.4708721212481405,0.5287206117699561
0.7780067505094624,0.2520866811738919,0.7803525346026289,0.13612343297723495,0.22199324949053756,0.7479133188261081,0.21964746539737112,0.863876567022765
0.5993104018025676,0.400054212904724,0.5913849602437188,0.4165688232017052,0.40068959819743244,0.599945787095276,0.4086150397562812,0.5834311767982948
0.4110919845089268,0.39484570147720455,0.4832961229224517,0.7788378545799441,0.5889080154910732,0.6051542985227955,0.5167038770775483,0.22116214542005586
0.19380065997750417,0.7544300874885453,0.10186463683806257,0.6881820723043831,0.8061993400224958,0.24556991251145466,0.8981353631619374,0.3118179276956169
0.40197936181350724,0.638670676142837,0.7894113862318914,0.07949384704806195,0.5980206381864928,0.361329323857163,0.21058861376810856,0.920506152951938
